Line Type,Start MP,End MP,Start Coordinates,End Coordinates,Start Longitude,Start Latitude,End Longitude,End Latitude,Shape Length,Direction,Zone ,Plaza,Start Link,End Link
Dashed,258.22,259.074,"40.131045, -111.647083","40.143386, -111.646567",40.131045,-111.647083,40.143386,-111.646567,0.854,NB,135,130,https://staging.pathweb.pathwayservices.com/ut/sections/4517/locations/51684,https://staging.pathweb.pathwayservices.com/ut/sections/4517/locations/51855
Double,259.074,260.077,"40.143386, -111.646567","40.157931, -111.646480",40.143386,-111.646567,40.157931,-111.64648,1.003,NB,135,130,https://staging.pathweb.pathwayservices.com/ut/sections/4517/locations/51855,https://staging.pathweb.pathwayservices.com/ut/sections/4517/locations/52056
Dashed,260.077,260.566,"40.157931, -111.646480","40.165016, -111.646436",40.157931,-111.64648,40.165016,-111.646436,0.489,NB,135,130,https://staging.pathweb.pathwayservices.com/ut/sections/4517/locations/52056,https://staging.pathweb.pathwayservices.com/ut/sections/4517/locations/52154
Double,260.566,261.953,"40.165016, -111.646436","40.185137, -111.646301",40.165016,-111.646436,40.185137,-111.646301,1.387,NB,135,130,https://staging.pathweb.pathwayservices.com/ut/sections/4517/locations/52154,https://staging.pathweb.pathwayservices.com/ut/sections/4517/locations/52432
Dashed,261.953,262.507,"40.185137, -111.646301","40.193086, -111.647318",40.185137,-111.646301,40.193086,-111.647318,0.554,NB,130,140,https://staging.pathweb.pathwayservices.com/ut/sections/4517/locations/52432,https://staging.pathweb.pathwayservices.com/ut/sections/4517/locations/52543
Double,262.507,263.655,"40.193086, -111.647318","40.207381, -111.658324",40.193086,-111.647318,40.207381,-111.658324,1.148,NB,130,140,https://staging.pathweb.pathwayservices.com/ut/sections/4517/locations/52543,https://staging.pathweb.pathwayservices.com/ut/sections/4517/locations/52773
Dashed,263.655,264.239,"40.207381, -111.658324","40.214594, -111.664111",40.207381,-111.658324,40.214594,-111.664111,0.584,NB,130,145,https://staging.pathweb.pathwayservices.com/ut/sections/4517/locations/52773,https://staging.pathweb.pathwayservices.com/ut/sections/4517/locations/52890
Double,264.239,265.577,"40.214594, -111.664111","40.229494, -111.680204",40.214594,-111.664111,40.229494,-111.680204,1.338,NB,130,145,https://staging.pathweb.pathwayservices.com/ut/sections/4517/locations/52890,https://staging.pathweb.pathwayservices.com/ut/sections/4517/locations/53158
Dashed,265.577,266.205,"40.229494, -111.680204","40.236773, -111.687364",40.229494,-111.680204,40.236773,-111.687364,0.628,NB,130,150,https://staging.pathweb.pathwayservices.com/ut/sections/4517/locations/53158,https://staging.pathweb.pathwayservices.com/ut/sections/4517/locations/53284
Double,266.205,267.593,"40.236773, -111.687364","40.254331, -111.698032",40.236773,-111.687364,40.254331,-111.698032,1.388,NB,130,150,https://staging.pathweb.pathwayservices.com/ut/sections/4517/locations/53284,https://staging.pathweb.pathwayservices.com/ut/sections/4517/locations/53562
Dashed,267.593,268.152,"40.254331, -111.698032","40.260446, -111.704962",40.254331,-111.698032,40.260446,-111.704962,0.559,NB,130,155,https://staging.pathweb.pathwayservices.com/ut/sections/4517/locations/53562,https://staging.pathweb.pathwayservices.com/ut/sections/4517/locations/53674
Double,268.152,269.225,"40.260446, -111.704962","40.273108, -111.716724",40.260446,-111.704962,40.273108,-111.716724,1.073,NB,130,155,https://staging.pathweb.pathwayservices.com/ut/sections/4517/locations/53674,https://staging.pathweb.pathwayservices.com/ut/sections/4517/locations/53889
Dashed,269.225,269.769,"40.273108, -111.716724","40.279718, -111.722334",40.273108,-111.716724,40.279718,-111.722334,0.544,NB,130,160,https://staging.pathweb.pathwayservices.com/ut/sections/4517/locations/53889,https://staging.pathweb.pathwayservices.com/ut/sections/4517/locations/53998
Double,269.769,270.757,"40.279718, -111.722334","40.293540, -111.725385",40.279718,-111.722334,40.29354,-111.725385,0.988,NB,130,160,https://staging.pathweb.pathwayservices.com/ut/sections/4517/locations/53998,https://staging.pathweb.pathwayservices.com/ut/sections/4517/locations/54196
Dashed,270.757,271.326,"40.293540, -111.725385","40.301786, -111.725521",40.29354,-111.725385,40.301786,-111.725521,0.569,NB,135,165,https://staging.pathweb.pathwayservices.com/ut/sections/4517/locations/54196,https://staging.pathweb.pathwayservices.com/ut/sections/4517/locations/54310
Double,271.326,271.73,"40.301786, -111.725521","40.307644, -111.725614",40.301786,-111.725521,40.307644,-111.725614,0.404,NB,135,165,https://staging.pathweb.pathwayservices.com/ut/sections/4517/locations/54310,https://staging.pathweb.pathwayservices.com/ut/sections/4517/locations/54391
Dashed,271.73,272.299,"40.307644, -111.725614","40.315889, -111.725746",40.307644,-111.725614,40.315889,-111.725746,0.569,NB,135,170,https://staging.pathweb.pathwayservices.com/ut/sections/4517/locations/54391,https://staging.pathweb.pathwayservices.com/ut/sections/4517/locations/54505
Double,272.299,272.853,"40.315889, -111.725746","40.323576, -111.728129",40.315889,-111.725746,40.323576,-111.728129,0.554,NB,135,170,https://staging.pathweb.pathwayservices.com/ut/sections/4517/locations/54505,https://staging.pathweb.pathwayservices.com/ut/sections/4517/locations/54616
Dashed,272.853,273.427,"40.323576, -111.728129","40.329213, -111.736106",40.323576,-111.728129,40.329213,-111.736106,0.574,NB,135,175,https://staging.pathweb.pathwayservices.com/ut/sections/4517/locations/54616,https://staging.pathweb.pathwayservices.com/ut/sections/4517/locations/54731
Double,273.427,275.394,"40.329213, -111.736106","40.347539, -111.764679",40.329213,-111.736106,40.347539,-111.764679,1.967,NB,135,175,https://staging.pathweb.pathwayservices.com/ut/sections/4517/locations/54731,https://staging.pathweb.pathwayservices.com/ut/sections/4517/locations/55125
Dashed,275.394,275.963,"40.347539, -111.764679","40.352835, -111.772938",40.347539,-111.764679,40.352835,-111.772938,0.569,NB,135,180,https://staging.pathweb.pathwayservices.com/ut/sections/4517/locations/55125,https://staging.pathweb.pathwayservices.com/ut/sections/4517/locations/55239
Double,275.963,276.552,"40.352835, -111.772938","40.358322, -111.781495",40.352835,-111.772938,40.358322,-111.781495,0.589,NB,135,180,https://staging.pathweb.pathwayservices.com/ut/sections/4517/locations/55239,https://staging.pathweb.pathwayservices.com/ut/sections/4517/locations/55357
Dashed,276.552,277.071,"40.358322, -111.781495","40.363156, -111.789044",40.358322,-111.781495,40.363156,-111.789044,0.519,NB,135,185,https://staging.pathweb.pathwayservices.com/ut/sections/4517/locations/55357,https://staging.pathweb.pathwayservices.com/ut/sections/4517/locations/55461
Double,277.071,278.713,"40.363156, -111.789044","40.375431, -111.815241",40.363156,-111.789044,40.375431,-111.815241,1.642,NB,135,185,https://staging.pathweb.pathwayservices.com/ut/sections/4517/locations/55461,https://staging.pathweb.pathwayservices.com/ut/sections/4517/locations/55790
Dashed,278.713,280.435,"40.375431, -111.815241","40.393410, -111.836367",40.375431,-111.815241,40.39341,-111.836367,1.722,NB,135,190,https://staging.pathweb.pathwayservices.com/ut/sections/4517/locations/55790,https://staging.pathweb.pathwayservices.com/ut/sections/4517/locations/56135
Double,280.435,282.556,"40.393410, -111.836367","40.413035, -111.867295",40.39341,-111.836367,40.413035,-111.867295,2.121,NB,140,195,https://staging.pathweb.pathwayservices.com/ut/sections/4517/locations/56135,https://staging.pathweb.pathwayservices.com/ut/sections/4517/locations/56560
Dashed,282.556,283.254,"40.413035, -111.867295","40.419893, -111.876974",40.413035,-111.867295,40.419893,-111.876974,0.698,NB,140,201,https://staging.pathweb.pathwayservices.com/ut/sections/4517/locations/56560,https://staging.pathweb.pathwayservices.com/ut/sections/4517/locations/56700
Double,283.254,286.498,"40.419893, -111.876974","40.456243, -111.913893",40.419893,-111.876974,40.456243,-111.913893,3.244,NB,140,201,https://staging.pathweb.pathwayservices.com/ut/sections/4517/locations/56700,https://staging.pathweb.pathwayservices.com/ut/sections/4517/locations/57350
Dashed,286.498,287.064,"40.456243, -111.913893","40.464316, -111.912906",40.456243,-111.913893,40.464316,-111.912906,0.566,NB,140,210,https://staging.pathweb.pathwayservices.com/ut/sections/4517/locations/57350,https://staging.pathweb.pathwayservices.com/ut/sections/4517/locations/57463
Double,287.064,288.353,"40.464316, -111.912906","40.480819, -111.901449",40.464316,-111.912906,40.480819,-111.901449,1.289,NB,140,210,https://staging.pathweb.pathwayservices.com/ut/sections/4517/locations/57463,https://staging.pathweb.pathwayservices.com/ut/sections/4517/locations/57720
Dashed,288.353,288.899,"40.480819, -111.901449","40.487182, -111.895281",40.480819,-111.901449,40.487182,-111.895281,0.546,NB,145,212,https://staging.pathweb.pathwayservices.com/ut/sections/4517/locations/57720,https://staging.pathweb.pathwayservices.com/ut/sections/4517/locations/57829
Double,288.899,289.917,"40.487182, -111.895281","40.500948, -111.890903",40.487182,-111.895281,40.500948,-111.890903,1.018,NB,145,212,https://staging.pathweb.pathwayservices.com/ut/sections/4517/locations/57829,https://staging.pathweb.pathwayservices.com/ut/sections/4517/locations/58032
Dashed,289.917,290.418,"40.500948, -111.890903","40.508218, -111.890911",40.500948,-111.890903,40.508218,-111.890911,0.501,NB,145,215,https://staging.pathweb.pathwayservices.com/ut/sections/4517/locations/58032,https://staging.pathweb.pathwayservices.com/ut/sections/4517/locations/58132
Double,290.418,291.471,"40.508218, -111.890911","40.523474, -111.890840",40.508218,-111.890911,40.523474,-111.89084,1.053,NB,145,215,https://staging.pathweb.pathwayservices.com/ut/sections/4517/locations/58132,https://staging.pathweb.pathwayservices.com/ut/sections/4517/locations/58342
Dashed,291.471,292.043,"40.523474, -111.890840","40.531723, -111.891508",40.523474,-111.89084,40.531723,-111.891508,0.572,NB,145,220,https://staging.pathweb.pathwayservices.com/ut/sections/4517/locations/58342,https://staging.pathweb.pathwayservices.com/ut/sections/4517/locations/58456
Double,292.043,292.599,"40.531723, -111.891508","40.539659, -111.893372",40.531723,-111.891508,40.539659,-111.893372,0.556,NB,145,220,https://staging.pathweb.pathwayservices.com/ut/sections/4517/locations/58456,https://staging.pathweb.pathwayservices.com/ut/sections/4517/locations/58567
Dashed,292.599,293.296,"40.539659, -111.893372","40.549604, -111.895730",40.539659,-111.893372,40.549604,-111.89573,0.697,NB,145,225,https://staging.pathweb.pathwayservices.com/ut/sections/4517/locations/58567,https://staging.pathweb.pathwayservices.com/ut/sections/4517/locations/58706
Double,293.296,293.762,"40.549604, -111.895730","40.556245, -111.897327",40.549604,-111.89573,40.556245,-111.897327,0.466,NB,145,225,https://staging.pathweb.pathwayservices.com/ut/sections/4517/locations/58706,https://staging.pathweb.pathwayservices.com/ut/sections/4517/locations/58799
Dashed,293.762,294.219,"40.556245, -111.897327","40.562773, -111.898769",40.556245,-111.897327,40.562773,-111.898769,0.457,NB,145,230,https://staging.pathweb.pathwayservices.com/ut/sections/4517/locations/58799,https://staging.pathweb.pathwayservices.com/ut/sections/4517/locations/58890
Double,294.219,298.139,"40.562773, -111.898769","40.618960, -111.904454",40.562773,-111.898769,40.61896,-111.904454,3.92,NB,145,230,https://staging.pathweb.pathwayservices.com/ut/sections/4517/locations/58890,https://staging.pathweb.pathwayservices.com/ut/sections/4517/locations/59672
Dashed,298.139,298.711,"40.618960, -111.904454","40.627080, -111.902681",40.61896,-111.904454,40.62708,-111.902681,0.572,NB,150,240,https://staging.pathweb.pathwayservices.com/ut/sections/4517/locations/59672,https://staging.pathweb.pathwayservices.com/ut/sections/4517/locations/59786
Double,298.711,300.457,"40.627080, -111.902681","40.651961, -111.901771",40.62708,-111.902681,40.651961,-111.901771,1.746,NB,150,240,https://staging.pathweb.pathwayservices.com/ut/sections/4517/locations/59786,https://staging.pathweb.pathwayservices.com/ut/sections/4517/locations/60134
Dashed,300.457,301.018,"40.651961, -111.901771","40.660082, -111.901095",40.651961,-111.901771,40.660082,-111.901095,0.561,NB,150,245,https://staging.pathweb.pathwayservices.com/ut/sections/4517/locations/60134,https://staging.pathweb.pathwayservices.com/ut/sections/4517/locations/60246
Double,301.018,301.725,"40.660082, -111.901095","40.670322, -111.901179",40.660082,-111.901095,40.670322,-111.901179,0.707,NB,150,245,https://staging.pathweb.pathwayservices.com/ut/sections/4517/locations/60246,https://staging.pathweb.pathwayservices.com/ut/sections/4517/locations/60387
Dashed,301.725,302.281,"40.670322, -111.901179","40.678365, -111.901661",40.670322,-111.901179,40.678365,-111.901661,0.556,NB,150,250,https://staging.pathweb.pathwayservices.com/ut/sections/4517/locations/60387,https://staging.pathweb.pathwayservices.com/ut/sections/4517/locations/60498
Double,302.281,303.588,"40.678365, -111.901661","40.697121, -111.901527",40.678365,-111.901661,40.697121,-111.901527,1.307,NB,150,250,https://staging.pathweb.pathwayservices.com/ut/sections/4517/locations/60498,https://staging.pathweb.pathwayservices.com/ut/sections/4517/locations/60759
Dashed,303.588,304.144,"40.697121, -111.901527","40.705018, -111.903465",40.697121,-111.901527,40.705018,-111.903465,0.556,NB,150,255,https://staging.pathweb.pathwayservices.com/ut/sections/4517/locations/60759,https://staging.pathweb.pathwayservices.com/ut/sections/4517/locations/60870
Double,304.144,306.439,"40.705018, -111.903465","40.738238, -111.904242",40.705018,-111.903465,40.738238,-111.904242,2.295,NB,150,255,https://staging.pathweb.pathwayservices.com/ut/sections/4517/locations/60870,https://staging.pathweb.pathwayservices.com/ut/sections/4517/locations/61328
Dashed,306.439,307.01,"40.738238, -111.904242","40.746307, -111.905155",40.738238,-111.904242,40.746307,-111.905155,0.571,NB,150,260,https://staging.pathweb.pathwayservices.com/ut/sections/4517/locations/61328,https://staging.pathweb.pathwayservices.com/ut/sections/4517/locations/61442
Double,307.01,308.332,"40.746307, -111.905155","40.763598, -111.913718",40.746307,-111.905155,40.763598,-111.913718,1.322,NB,150,260,https://staging.pathweb.pathwayservices.com/ut/sections/4517/locations/61442,https://staging.pathweb.pathwayservices.com/ut/sections/4517/locations/61706
Dashed,308.332,308.668,"40.763598, -111.913718","40.768208, -111.911699",40.763598,-111.913718,40.768208,-111.911699,0.336,NB,150,260,https://staging.pathweb.pathwayservices.com/ut/sections/4517/locations/61706,https://staging.pathweb.pathwayservices.com/ut/sections/4517/locations/61773
Double,308.668,309.409,"40.768208, -111.911699","40.778786, -111.910273",40.768208,-111.911699,40.778786,-111.910273,0.741,NB,150,260,https://staging.pathweb.pathwayservices.com/ut/sections/4517/locations/61773,https://staging.pathweb.pathwayservices.com/ut/sections/4517/locations/61921
Dashed,309.409,309.935,"40.778786, -111.910273","40.786062, -111.912573",40.778786,-111.910273,40.786062,-111.912573,0.526,NB,150,265,https://staging.pathweb.pathwayservices.com/ut/sections/4517/locations/61921,https://staging.pathweb.pathwayservices.com/ut/sections/4517/locations/62026
Double,309.935,313.126,"40.786062, -111.912573","40.828829, -111.915698",40.786062,-111.912573,40.828829,-111.915698,3.191,NB,150,265,https://staging.pathweb.pathwayservices.com/ut/sections/4517/locations/62026,https://staging.pathweb.pathwayservices.com/ut/sections/4517/locations/62663
Dashed,313.126,313.642,"40.828829, -111.915698","40.836304, -111.915336",40.828829,-111.915698,40.836304,-111.915336,0.516,NB,155,300,https://staging.pathweb.pathwayservices.com/ut/sections/4517/locations/62663,https://staging.pathweb.pathwayservices.com/ut/sections/4517/locations/62766
Double,313.642,315.345,"40.836304, -111.915336","40.858688, -111.904346",40.836304,-111.915336,40.858688,-111.904346,1.703,NB,155,300,https://staging.pathweb.pathwayservices.com/ut/sections/4517/locations/62766,https://staging.pathweb.pathwayservices.com/ut/sections/4517/locations/63106
Dashed,315.345,315.846,"40.858688, -111.904346","40.864827, -111.899266",40.858688,-111.904346,40.864827,-111.899266,0.501,NB,155,305,https://staging.pathweb.pathwayservices.com/ut/sections/4517/locations/63106,https://staging.pathweb.pathwayservices.com/ut/sections/4517/locations/63206
Double,315.846,316.963,"40.864827, -111.899266","40.880744, -111.896490",40.864827,-111.899266,40.880744,-111.89649,1.117,NB,155,305,https://staging.pathweb.pathwayservices.com/ut/sections/4517/locations/63206,https://staging.pathweb.pathwayservices.com/ut/sections/4517/locations/63429
Dashed,316.963,317.579,"40.880744, -111.896490","40.889666, -111.896283",40.880744,-111.89649,40.889666,-111.896283,0.616,NB,155,310,https://staging.pathweb.pathwayservices.com/ut/sections/4517/locations/63429,https://staging.pathweb.pathwayservices.com/ut/sections/4517/locations/63552
Double,317.579,319.698,"40.889666, -111.896283","40.919645, -111.890811",40.889666,-111.896283,40.919645,-111.890811,2.119,NB,155,310,https://staging.pathweb.pathwayservices.com/ut/sections/4517/locations/63552,https://staging.pathweb.pathwayservices.com/ut/sections/4517/locations/63975
Dashed,319.698,320.269,"40.919645, -111.890811","40.927908, -111.891162",40.919645,-111.890811,40.927908,-111.891162,0.571,NB,160,315,https://staging.pathweb.pathwayservices.com/ut/sections/4517/locations/63975,https://staging.pathweb.pathwayservices.com/ut/sections/4517/locations/64089
Double,320.269,322.833,"40.927908, -111.891162","40.965074, -111.890934",40.927908,-111.891162,40.965074,-111.890934,2.564,NB,160,315,https://staging.pathweb.pathwayservices.com/ut/sections/4517/locations/64089,https://staging.pathweb.pathwayservices.com/ut/sections/4517/locations/64601
Dashed,322.833,323.424,"40.965074, -111.890934","40.973190, -111.894014",40.965074,-111.890934,40.97319,-111.894014,0.591,NB,160,270,https://staging.pathweb.pathwayservices.com/ut/sections/4517/locations/64601,https://staging.pathweb.pathwayservices.com/ut/sections/4517/locations/64719
Double,323.424,326.184,"40.973190, -111.894014","41.002698, -111.926759",40.97319,-111.894014,41.002698,-111.926759,2.76,NB,160,270,https://staging.pathweb.pathwayservices.com/ut/sections/4517/locations/64719,https://staging.pathweb.pathwayservices.com/ut/sections/4517/locations/65270
Dashed,326.184,326.945,"41.002698, -111.926759","41.010686, -111.936753",41.002698,-111.926759,41.010686,-111.936753,0.761,NB,160,275,https://staging.pathweb.pathwayservices.com/ut/sections/4517/locations/65270,https://staging.pathweb.pathwayservices.com/ut/sections/4517/locations/65422
Double,326.945,328.628,"41.010686, -111.936753","41.033444, -111.947456",41.010686,-111.936753,41.033444,-111.947456,1.683,NB,160,275,https://staging.pathweb.pathwayservices.com/ut/sections/4517/locations/65422,https://staging.pathweb.pathwayservices.com/ut/sections/4517/locations/65758
Dashed,328.628,329.274,"41.033444, -111.947456","41.041555, -111.952468",41.033444,-111.947456,41.041555,-111.952468,0.646,NB,160,280,https://staging.pathweb.pathwayservices.com/ut/sections/4517/locations/65758,https://staging.pathweb.pathwayservices.com/ut/sections/4517/locations/65887
Double,329.274,330.131,"41.041555, -111.952468","41.052257, -111.960482",41.041555,-111.952468,41.052257,-111.960482,0.857,NB,165,335,https://staging.pathweb.pathwayservices.com/ut/sections/4517/locations/65887,https://staging.pathweb.pathwayservices.com/ut/sections/4517/locations/66058
Dashed,330.131,330.712,"41.052257, -111.960482","41.060155, -111.963054",41.052257,-111.960482,41.060155,-111.963054,0.581,NB,165,335,https://staging.pathweb.pathwayservices.com/ut/sections/4517/locations/66058,https://staging.pathweb.pathwayservices.com/ut/sections/4517/locations/66174
Double,330.712,331.673,"41.060155, -111.963054","41.071303, -111.974044",41.060155,-111.963054,41.071303,-111.974044,0.961,NB,165,335,https://staging.pathweb.pathwayservices.com/ut/sections/4517/locations/66174,https://staging.pathweb.pathwayservices.com/ut/sections/4517/locations/66366
Dashed,331.673,332.239,"41.071303, -111.974044","41.078021, -111.980261",41.071303,-111.974044,41.078021,-111.980261,0.566,NB,165,340,https://staging.pathweb.pathwayservices.com/ut/sections/4517/locations/66366,https://staging.pathweb.pathwayservices.com/ut/sections/4517/locations/66479
Double,332.239,332.966,"41.078021, -111.980261","41.086655, -111.988229",41.078021,-111.980261,41.086655,-111.988229,0.727,NB,165,340,https://staging.pathweb.pathwayservices.com/ut/sections/4517/locations/66479,https://staging.pathweb.pathwayservices.com/ut/sections/4517/locations/66624
Dashed,332.966,333.537,"41.086655, -111.988229","41.093435, -111.994487",41.086655,-111.988229,41.093435,-111.994487,0.571,NB,165,345,https://staging.pathweb.pathwayservices.com/ut/sections/4517/locations/66624,https://staging.pathweb.pathwayservices.com/ut/sections/4517/locations/66738
Double,333.537,334.078,"41.093435, -111.994487","41.099862, -112.000421",41.093435,-111.994487,41.099862,-112.000421,0.541,NB,165,350,https://staging.pathweb.pathwayservices.com/ut/sections/4517/locations/66738,https://staging.pathweb.pathwayservices.com/ut/sections/4517/locations/66846
Dashed,334.078,334.659,"41.099862, -112.000421","41.106759, -112.006797",41.099862,-112.000421,41.106759,-112.006797,0.581,NB,165,350,https://staging.pathweb.pathwayservices.com/ut/sections/4517/locations/66846,https://staging.pathweb.pathwayservices.com/ut/sections/4517/locations/66962
Double,334.659,335.931,"41.106759, -112.006797","41.121659, -112.021063",41.106759,-112.006797,41.121659,-112.021063,1.272,NB,165,350,https://staging.pathweb.pathwayservices.com/ut/sections/4517/locations/66962,https://staging.pathweb.pathwayservices.com/ut/sections/4517/locations/67216
Dashed,335.931,336.497,"41.121659, -112.021063","41.128917, -112.025090",41.121659,-112.021063,41.128917,-112.02509,0.566,NB,165,355,https://staging.pathweb.pathwayservices.com/ut/sections/4517/locations/67216,https://staging.pathweb.pathwayservices.com/ut/sections/4517/locations/67329
Double,336.497,338.466,"41.128917, -112.025090","41.157384, -112.024041",41.128917,-112.02509,41.157384,-112.024041,1.969,NB,165,355,https://staging.pathweb.pathwayservices.com/ut/sections/4517/locations/67329,https://staging.pathweb.pathwayservices.com/ut/sections/4517/locations/67722
Dashed,339.641,339.566,"41.175655, -112.019155","41.174568, -112.019302",41.175655,-112.019155,41.174568,-112.019302,0.075,SB,235,430,https://staging.pathweb.pathwayservices.com/ut/sections/2741/locations/12254,https://staging.pathweb.pathwayservices.com/ut/sections/2741/locations/12269
Double,339.566,338.914,"41.174568, -112.019302","41.165370, -112.021887",41.174568,-112.019302,41.16537,-112.021887,0.652,SB,235,430,https://staging.pathweb.pathwayservices.com/ut/sections/2741/locations/12269,https://staging.pathweb.pathwayservices.com/ut/sections/2741/locations/12399
Dashed,338.914,338.338,"41.165370, -112.021887","41.157258, -112.024450",41.16537,-112.021887,41.157258,-112.02445,0.576,SB,235,435,https://staging.pathweb.pathwayservices.com/ut/sections/2741/locations/12399,https://staging.pathweb.pathwayservices.com/ut/sections/2741/locations/12514
Double,338.338,336.124,"41.157258, -112.024450","41.125280, -112.025051",41.157258,-112.02445,41.12528,-112.025051,2.214,SB,235,435,https://staging.pathweb.pathwayservices.com/ut/sections/2741/locations/12514,https://staging.pathweb.pathwayservices.com/ut/sections/2741/locations/12956
Dashed,336.124,335.553,"41.125280, -112.025051","41.118844, -112.018330",41.12528,-112.025051,41.118844,-112.01833,0.571,SB,235,440,https://staging.pathweb.pathwayservices.com/ut/sections/2741/locations/12956,https://staging.pathweb.pathwayservices.com/ut/sections/2741/locations/13070
Double,335.553,334.411,"41.118844, -112.018330","41.105240, -112.005841",41.118844,-112.01833,41.10524,-112.005841,1.142,SB,235,440,https://staging.pathweb.pathwayservices.com/ut/sections/2741/locations/13070,https://staging.pathweb.pathwayservices.com/ut/sections/2741/locations/13298
Dashed,334.411,333.853,"41.105240, -112.005841","41.098597, -111.999717",41.10524,-112.005841,41.098597,-111.999717,0.558,SB,235,445,https://staging.pathweb.pathwayservices.com/ut/sections/2741/locations/13298,https://staging.pathweb.pathwayservices.com/ut/sections/2741/locations/13410
Double,333.853,333.261,"41.098597, -111.999717","41.091563, -111.993220",41.098597,-111.999717,41.091563,-111.99322,0.592,SB,235,450,https://staging.pathweb.pathwayservices.com/ut/sections/2741/locations/13410,https://staging.pathweb.pathwayservices.com/ut/sections/2741/locations/13528
Dashed,333.261,332.695,"41.091563, -111.993220","41.084833, -111.987007",41.091563,-111.99322,41.084833,-111.987007,0.566,SB,235,450,https://staging.pathweb.pathwayservices.com/ut/sections/2741/locations/13528,https://staging.pathweb.pathwayservices.com/ut/sections/2741/locations/13641
Double,332.695,332.028,"41.084833, -111.987007","41.076907, -111.979694",41.084833,-111.987007,41.076907,-111.979694,0.667,SB,235,450,https://staging.pathweb.pathwayservices.com/ut/sections/2741/locations/13641,https://staging.pathweb.pathwayservices.com/ut/sections/2741/locations/13774
Dashed,332.028,331.461,"41.076907, -111.979694","41.070162, -111.973494",41.076907,-111.979694,41.070162,-111.973494,0.567,SB,235,455,https://staging.pathweb.pathwayservices.com/ut/sections/2741/locations/13774,https://staging.pathweb.pathwayservices.com/ut/sections/2741/locations/13887
Double,331.461,330.534,"41.070162, -111.973494","41.059473, -111.962780",41.070162,-111.973494,41.059473,-111.96278,0.927,SB,235,455,https://staging.pathweb.pathwayservices.com/ut/sections/2741/locations/13887,https://staging.pathweb.pathwayservices.com/ut/sections/2741/locations/14072
Dashed,330.534,329.957,"41.059473, -111.962780","41.051485, -111.960531",41.059473,-111.96278,41.051485,-111.960531,0.577,SB,240,500,https://staging.pathweb.pathwayservices.com/ut/sections/2741/locations/14072,http://staging.pathweb.pathwayservices.com/ut/sections/2741/locations/14187
Double,329.957,329.145,"41.051485, -111.960531","41.041355, -111.952816",41.051485,-111.960531,41.041355,-111.952816,0.812,SB,240,500,http://staging.pathweb.pathwayservices.com/ut/sections/2741/locations/14187,https://staging.pathweb.pathwayservices.com/ut/sections/2741/locations/14349
Dashed,329.145,328.509,"41.041355, -111.952816","41.033401, -111.947884",41.041355,-111.952816,41.033401,-111.947884,0.636,SB,240,505,https://staging.pathweb.pathwayservices.com/ut/sections/2741/locations/14349,https://staging.pathweb.pathwayservices.com/ut/sections/2741/locations/14476
Double,328.509,326.819,"41.033401, -111.947884","41.010529, -111.937196",41.033401,-111.947884,41.010529,-111.937196,1.69,SB,240,505,https://staging.pathweb.pathwayservices.com/ut/sections/2741/locations/14476,https://staging.pathweb.pathwayservices.com/ut/sections/2741/locations/14813
Dashed,326.819,326.052,"41.010529, -111.937196","41.002477, -111.927146",41.010529,-111.937196,41.002477,-111.927146,0.767,SB,240,510,https://staging.pathweb.pathwayservices.com/ut/sections/2741/locations/14813,https://staging.pathweb.pathwayservices.com/ut/sections/2741/locations/14966
Double,326.052,322.934,"41.002477, -111.927146","40.968207, -111.891739",41.002477,-111.927146,40.968207,-111.891739,3.118,SB,240,510,https://staging.pathweb.pathwayservices.com/ut/sections/2741/locations/14966,https://staging.pathweb.pathwayservices.com/ut/sections/2741/locations/15588
Dashed,322.934,322.387,"40.968207, -111.891739","40.960308, -111.891425",40.968207,-111.891739,40.960308,-111.891425,0.547,SB,240,475,https://staging.pathweb.pathwayservices.com/ut/sections/2741/locations/15588,https://staging.pathweb.pathwayservices.com/ut/sections/2741/locations/15697
Double,322.387,319.55,"40.960308, -111.891425","40.919227, -111.891302",40.960308,-111.891425,40.919227,-111.891302,2.837,SB,240,475,https://staging.pathweb.pathwayservices.com/ut/sections/2741/locations/15697,https://staging.pathweb.pathwayservices.com/ut/sections/2741/locations/16263
Dashed,319.55,318.457,"40.919227, -111.891302","40.903401, -111.891786",40.919227,-111.891302,40.903401,-111.891786,1.093,SB,245,485,https://staging.pathweb.pathwayservices.com/ut/sections/2741/locations/16263,https://staging.pathweb.pathwayservices.com/ut/sections/2741/locations/16481
Double,318.457,317.353,"40.903401, -111.891786","40.888039, -111.896763",40.903401,-111.891786,40.888039,-111.896763,1.104,SB,245,485,https://staging.pathweb.pathwayservices.com/ut/sections/2741/locations/16481,https://staging.pathweb.pathwayservices.com/ut/sections/2741/locations/16701
Dashed,317.353,316.847,"40.888039, -111.896763","40.880704, -111.896934",40.888039,-111.896763,40.880704,-111.896934,0.506,SB,245,490,https://staging.pathweb.pathwayservices.com/ut/sections/2741/locations/16701,https://staging.pathweb.pathwayservices.com/ut/sections/2741/locations/16802
Double,316.847,315.739,"40.880704, -111.896934","40.864945, -111.899686",40.880704,-111.896934,40.864945,-111.899686,1.108,SB,245,490,https://staging.pathweb.pathwayservices.com/ut/sections/2741/locations/16802,https://staging.pathweb.pathwayservices.com/ut/sections/2741/locations/17023
Dashed,315.739,315.218,"40.864945, -111.899686","40.858569, -111.904982",40.864945,-111.899686,40.858569,-111.904982,0.521,SB,245,495,https://staging.pathweb.pathwayservices.com/ut/sections/2741/locations/17023,https://staging.pathweb.pathwayservices.com/ut/sections/2741/locations/17127
Double,315.218,313.328,"40.858569, -111.904982","40.833406, -111.915799",40.858569,-111.904982,40.833406,-111.915799,1.89,SB,245,495,https://staging.pathweb.pathwayservices.com/ut/sections/2741/locations/17127,https://staging.pathweb.pathwayservices.com/ut/sections/2741/locations/17504
Dashed,313.328,312.897,"40.833406, -111.915799","40.827166, -111.916201",40.833406,-111.915799,40.827166,-111.916201,0.431,SB,245,515,https://staging.pathweb.pathwayservices.com/ut/sections/2741/locations/17504,https://staging.pathweb.pathwayservices.com/ut/sections/2741/locations/17590
Double,312.897,311.85,"40.827166, -111.916201","40.813659, -111.923011",40.827166,-111.916201,40.813659,-111.923011,1.047,SB,245,515,https://staging.pathweb.pathwayservices.com/ut/sections/2741/locations/17590,https://staging.pathweb.pathwayservices.com/ut/sections/2741/locations/17799
Dashed,311.85,311.315,"40.813659, -111.923011","40.806176, -111.923259",40.813659,-111.923011,40.806176,-111.923259,0.535,SB,245,520,https://staging.pathweb.pathwayservices.com/ut/sections/2741/locations/17799,https://staging.pathweb.pathwayservices.com/ut/sections/2741/locations/17906
Double,311.315,309.724,"40.806176, -111.923259","40.784768, -111.912200",40.806176,-111.923259,40.784768,-111.9122,1.591,SB,245,520,https://staging.pathweb.pathwayservices.com/ut/sections/2741/locations/17906,https://staging.pathweb.pathwayservices.com/ut/sections/2741/locations/18224
Dashed,309.724,309.014,"40.784768, -111.912200","40.774686, -111.910764",40.784768,-111.9122,40.774686,-111.910764,0.71,SB,250,525,https://staging.pathweb.pathwayservices.com/ut/sections/2741/locations/18224,https://staging.pathweb.pathwayservices.com/ut/sections/2741/locations/18366
Double,309.014,306.713,"40.774686, -111.910764","40.743868, -111.904441",40.774686,-111.910764,40.743868,-111.904441,2.301,SB,250,525,https://staging.pathweb.pathwayservices.com/ut/sections/2741/locations/18366,https://staging.pathweb.pathwayservices.com/ut/sections/2741/locations/18826
Dashed,306.713,306.458,"40.743868, -111.904441","40.740191, -111.904573",40.743868,-111.904441,40.740191,-111.904573,0.255,SB,250,530,https://staging.pathweb.pathwayservices.com/ut/sections/2741/locations/18826,https://staging.pathweb.pathwayservices.com/ut/sections/2741/locations/18877
Double,306.458,303.864,"40.740191, -111.904573","40.702652, -111.903495",40.740191,-111.904573,40.702652,-111.903495,2.594,SB,250,530,https://staging.pathweb.pathwayservices.com/ut/sections/2741/locations/18877,https://staging.pathweb.pathwayservices.com/ut/sections/2741/locations/19396
Dashed,303.864,303.164,"40.702652, -111.903495","40.692759, -111.903295",40.702652,-111.903495,40.692759,-111.903295,0.7,SB,250,535,https://staging.pathweb.pathwayservices.com/ut/sections/2741/locations/19396,https://staging.pathweb.pathwayservices.com/ut/sections/2741/locations/19536
Double,303.164,302.143,"40.692759, -111.903295","40.678024, -111.902197",40.692759,-111.903295,40.678024,-111.902197,1.021,SB,250,535,https://staging.pathweb.pathwayservices.com/ut/sections/2741/locations/19536,https://staging.pathweb.pathwayservices.com/ut/sections/2741/locations/19740
Dashed,302.143,301.583,"40.678024, -111.902197","40.669915, -111.901700",40.678024,-111.902197,40.669915,-111.9017,0.56,SB,250,540,https://staging.pathweb.pathwayservices.com/ut/sections/2741/locations/19740,https://staging.pathweb.pathwayservices.com/ut/sections/2741/locations/19852
Double,301.583,300.773,"40.669915, -111.901700","40.658179, -111.901681",40.669915,-111.9017,40.658179,-111.901681,0.81,SB,250,540,https://staging.pathweb.pathwayservices.com/ut/sections/2741/locations/19852,https://staging.pathweb.pathwayservices.com/ut/sections/2741/locations/20014
Dashed,300.773,300.108,"40.658179, -111.901681","40.648571, -111.902643",40.658179,-111.901681,40.648571,-111.902643,0.665,SB,250,545,https://staging.pathweb.pathwayservices.com/ut/sections/2741/locations/20014,https://staging.pathweb.pathwayservices.com/ut/sections/2741/locations/20147
Double,300.108,297.983,"40.648571, -111.902643","40.618376, -111.905161",40.648571,-111.902643,40.618376,-111.905161,2.125,SB,250,545,https://staging.pathweb.pathwayservices.com/ut/sections/2741/locations/20147,https://staging.pathweb.pathwayservices.com/ut/sections/2741/locations/20572
Dashed,297.983,297.392,"40.618376, -111.905161","40.609913, -111.906014",40.618376,-111.905161,40.609913,-111.906014,0.591,SB,255,550,https://staging.pathweb.pathwayservices.com/ut/sections/2741/locations/20572,https://staging.pathweb.pathwayservices.com/ut/sections/2741/locations/20690
Double,297.392,296.22,"40.609913, -111.906014","40.593103, -111.902710",40.609913,-111.906014,40.593103,-111.90271,1.172,SB,255,550,https://staging.pathweb.pathwayservices.com/ut/sections/2741/locations/20690,https://staging.pathweb.pathwayservices.com/ut/sections/2741/locations/21075
Dashed,296.22,295.464,"40.593103, -111.902710","40.582411, -111.900394",40.593103,-111.90271,40.582411,-111.900394,0.756,SB,255,555,https://staging.pathweb.pathwayservices.com/ut/sections/2741/locations/21075,https://staging.pathweb.pathwayservices.com/ut/sections/2741/locations/21345
Double,295.464,294.112,"40.582411, -111.900394","40.562843, -111.899357",40.582411,-111.900394,40.562843,-111.899357,1.352,SB,255,555,https://staging.pathweb.pathwayservices.com/ut/sections/2741/locations/21345,https://staging.pathweb.pathwayservices.com/ut/sections/2741/locations/21345
Dashed,294.112,293.541,"40.562843, -111.899357","40.554678, -111.897553",40.562843,-111.899357,40.554678,-111.897553,0.571,SB,255,560,https://staging.pathweb.pathwayservices.com/ut/sections/2741/locations/21345,https://staging.pathweb.pathwayservices.com/ut/sections/2741/locations/21459
Double,293.541,293.025,"40.554678, -111.897553","40.547320, -111.895796",40.554678,-111.897553,40.54732,-111.895796,0.516,SB,255,560,https://staging.pathweb.pathwayservices.com/ut/sections/2741/locations/21459,https://staging.pathweb.pathwayservices.com/ut/sections/2741/locations/21562
Dashed,293.025,292.454,"40.547320, -111.895796","40.539184, -111.893869",40.54732,-111.895796,40.539184,-111.893869,0.571,SB,255,565,https://staging.pathweb.pathwayservices.com/ut/sections/2741/locations/21562,https://staging.pathweb.pathwayservices.com/ut/sections/2741/locations/21676
Double,292.454,291.823,"40.539184, -111.893869","40.530169, -111.891787",40.539184,-111.893869,40.530169,-111.891787,0.631,SB,255,565,https://staging.pathweb.pathwayservices.com/ut/sections/2741/locations/21676,https://staging.pathweb.pathwayservices.com/ut/sections/2741/locations/21802
Dashed,291.823,291.262,"40.530169, -111.891787","40.522058, -111.891433",40.530169,-111.891787,40.522058,-111.891433,0.561,SB,255,570,https://staging.pathweb.pathwayservices.com/ut/sections/2741/locations/21802,https://staging.pathweb.pathwayservices.com/ut/sections/2741/locations/21914
Double,291.262,290.185,"40.522058, -111.891433","40.506447, -111.891417",40.522058,-111.891433,40.506447,-111.891417,1.077,SB,255,570,https://staging.pathweb.pathwayservices.com/ut/sections/2741/locations/21914,https://staging.pathweb.pathwayservices.com/ut/sections/2741/locations/22129
Dashed,290.185,289.659,"40.506447, -111.891417","40.498823, -111.891479",40.506447,-111.891417,40.498823,-111.891479,0.526,SB,255,575,https://staging.pathweb.pathwayservices.com/ut/sections/2741/locations/22129,https://staging.pathweb.pathwayservices.com/ut/sections/2741/locations/22234
Double,289.659,288.683,"40.498823, -111.891479","40.486048, -111.897197",40.498823,-111.891479,40.486048,-111.897197,0.976,SB,255,575,https://staging.pathweb.pathwayservices.com/ut/sections/2741/locations/22234,https://staging.pathweb.pathwayservices.com/ut/sections/2741/locations/22429
Dashed,288.683,288.132,"40.486048, -111.897197","40.479524, -111.903173",40.486048,-111.897197,40.479524,-111.903173,0.551,SB,260,580,https://staging.pathweb.pathwayservices.com/ut/sections/2741/locations/22429,https://staging.pathweb.pathwayservices.com/ut/sections/2741/locations/22539
Double,288.132,286.759,"40.479524, -111.903173","40.461690, -111.914469",40.479524,-111.903173,40.46169,-111.914469,1.373,SB,260,580,https://staging.pathweb.pathwayservices.com/ut/sections/2741/locations/22539,https://staging.pathweb.pathwayservices.com/ut/sections/2741/locations/22813
Dashed,286.759,286.208,"40.461690, -111.914469","40.453746, -111.914043",40.46169,-111.914469,40.453746,-111.914043,0.551,SB,260,585,https://staging.pathweb.pathwayservices.com/ut/sections/2741/locations/22813,https://staging.pathweb.pathwayservices.com/ut/sections/2741/locations/22923
Double,286.208,283.974,"40.453746, -111.914043","40.428643, -111.888518",40.453746,-111.914043,40.428643,-111.888518,2.234,SB,260,585,https://staging.pathweb.pathwayservices.com/ut/sections/2741/locations/22923,https://staging.pathweb.pathwayservices.com/ut/sections/2741/locations/23371
Dashed,283.974,283.129,"40.428643, -111.888518","40.419730, -111.877553",40.428643,-111.888518,40.41973,-111.877553,0.845,SB,260,590,https://staging.pathweb.pathwayservices.com/ut/sections/2741/locations/23371,https://staging.pathweb.pathwayservices.com/ut/sections/2741/locations/23540
Double,283.129,279.883,"40.419730, -111.877553","40.387677, -111.833685",40.41973,-111.877553,40.387677,-111.833685,3.246,SB,260,590,https://staging.pathweb.pathwayservices.com/ut/sections/2741/locations/23540,https://staging.pathweb.pathwayservices.com/ut/sections/2741/locations/24190
Dashed,279.883,278.37,"40.387677, -111.833685","40.374050, -111.812109",40.387677,-111.833685,40.37405,-111.812109,1.513,SB,265,605,https://staging.pathweb.pathwayservices.com/ut/sections/2741/locations/24190,https://staging.pathweb.pathwayservices.com/ut/sections/2741/locations/24493
Double,278.37,276.936,"40.374050, -111.812109","40.362903, -111.789588",40.37405,-111.812109,40.362903,-111.789588,1.434,SB,265,605,https://staging.pathweb.pathwayservices.com/ut/sections/2741/locations/24493,https://staging.pathweb.pathwayservices.com/ut/sections/2741/locations/24780
Dashed,276.936,276.427,"40.362903, -111.789588","40.358160, -111.782181",40.362903,-111.789588,40.35816,-111.782181,0.509,SB,265,610,https://staging.pathweb.pathwayservices.com/ut/sections/2741/locations/24780,https://staging.pathweb.pathwayservices.com/ut/sections/2741/locations/24882
Double,276.427,275.797,"40.358160, -111.782181","40.352296, -111.773039",40.35816,-111.782181,40.352296,-111.773039,0.63,SB,265,610,https://staging.pathweb.pathwayservices.com/ut/sections/2741/locations/24882,https://staging.pathweb.pathwayservices.com/ut/sections/2741/locations/25008
Dashed,275.797,275.238,"40.352296, -111.773039","40.347090, -111.764917",40.352296,-111.773039,40.34709,-111.764917,0.559,SB,265,615,https://staging.pathweb.pathwayservices.com/ut/sections/2741/locations/25008,https://staging.pathweb.pathwayservices.com/ut/sections/2741/locations/25120
Double,275.238,273.195,"40.347090, -111.764917","40.328071, -111.735281",40.34709,-111.764917,40.328071,-111.735281,2.043,SB,265,615,https://staging.pathweb.pathwayservices.com/ut/sections/2741/locations/25120,https://staging.pathweb.pathwayservices.com/ut/sections/2741/locations/25529
Dashed,273.195,272.631,"40.328071, -111.735281","40.322317, -111.727852",40.328071,-111.735281,40.322317,-111.727852,0.564,SB,265,620,https://staging.pathweb.pathwayservices.com/ut/sections/2741/locations/25529,https://staging.pathweb.pathwayservices.com/ut/sections/2741/locations/25642
Double,272.631,272.166,"40.322317, -111.727852","40.315780, -111.726353",40.322317,-111.727852,40.31578,-111.726353,0.465,SB,265,620,https://staging.pathweb.pathwayservices.com/ut/sections/2741/locations/25642,https://staging.pathweb.pathwayservices.com/ut/sections/2741/locations/25735
Dashed,272.166,271.602,"40.315780, -111.726353","40.307594, -111.726216",40.31578,-111.726353,40.307594,-111.726216,0.564,SB,265,625,https://staging.pathweb.pathwayservices.com/ut/sections/2741/locations/25735,https://staging.pathweb.pathwayservices.com/ut/sections/2741/locations/25848
Double,271.602,271.107,"40.307594, -111.726216","40.300421, -111.726101",40.307594,-111.726216,40.300421,-111.726101,0.495,SB,265,625,https://staging.pathweb.pathwayservices.com/ut/sections/2741/locations/25848,https://staging.pathweb.pathwayservices.com/ut/sections/2741/locations/25947
Dashed,271.107,270.628,"40.300421, -111.726101","40.293473, -111.725990",40.300421,-111.726101,40.293473,-111.72599,0.479,SB,265,630,https://staging.pathweb.pathwayservices.com/ut/sections/2741/locations/25947,https://staging.pathweb.pathwayservices.com/ut/sections/2741/locations/26043
Double,270.628,269.844,"40.293473, -111.725990","40.282209, -111.724784",40.293473,-111.72599,40.282209,-111.724784,0.784,SB,270,635,https://staging.pathweb.pathwayservices.com/ut/sections/2741/locations/26043,https://staging.pathweb.pathwayservices.com/ut/sections/2741/locations/26200
Dashed,269.844,268.955,"40.282209, -111.724784","40.271309, -111.715818",40.282209,-111.724784,40.271309,-111.715818,0.889,SB,270,635,https://staging.pathweb.pathwayservices.com/ut/sections/2741/locations/26200,https://staging.pathweb.pathwayservices.com/ut/sections/2741/locations/26378
Double,268.955,267.981,"40.271309, -111.715818","40.259889, -111.705069",40.271309,-111.715818,40.259889,-111.705069,0.974,SB,270,640,https://staging.pathweb.pathwayservices.com/ut/sections/2741/locations/26378,https://staging.pathweb.pathwayservices.com/ut/sections/2741/locations/26573
Dashed,267.981,267.412,"40.259889, -111.705069","40.253655, -111.698003",40.259889,-111.705069,40.253655,-111.698003,0.569,SB,270,640,https://staging.pathweb.pathwayservices.com/ut/sections/2741/locations/26573,https://staging.pathweb.pathwayservices.com/ut/sections/2741/locations/26687
Double,267.412,265.988,"40.253655, -111.698003","40.235655, -111.686910",40.253655,-111.698003,40.235655,-111.68691,1.424,SB,270,640,https://staging.pathweb.pathwayservices.com/ut/sections/2741/locations/26687,https://staging.pathweb.pathwayservices.com/ut/sections/2741/locations/26972
Dashed,265.988,265.418,"40.235655, -111.686910","40.229059, -111.680428",40.235655,-111.68691,40.229059,-111.680428,0.57,SB,270,645,https://staging.pathweb.pathwayservices.com/ut/sections/2741/locations/26972,https://staging.pathweb.pathwayservices.com/ut/sections/2741/locations/27086
Double,265.418,263.575,"40.229059, -111.680428","40.207911, -111.659331",40.229059,-111.680428,40.207911,-111.659331,1.843,SB,270,645,https://staging.pathweb.pathwayservices.com/ut/sections/2741/locations/27086,https://staging.pathweb.pathwayservices.com/ut/sections/2741/locations/27455
Dashed,263.575,262.986,"40.207911, -111.659331","40.200682, -111.653391",40.207911,-111.659331,40.200682,-111.653391,0.589,SB,270,650,https://staging.pathweb.pathwayservices.com/ut/sections/2741/locations/27455,https://staging.pathweb.pathwayservices.com/ut/sections/2741/locations/27573
Double,262.986,262.302,"40.200682, -111.653391","40.191939, -111.647424",40.200682,-111.653391,40.191939,-111.647424,0.684,SB,270,650,https://staging.pathweb.pathwayservices.com/ut/sections/2741/locations/27573,https://staging.pathweb.pathwayservices.com/ut/sections/2741/locations/27710
Dashed,262.302,261.753,"40.191939, -111.647424","40.184022, -111.646824",40.191939,-111.647424,40.184022,-111.646824,0.549,SB,270,655,https://staging.pathweb.pathwayservices.com/ut/sections/2741/locations/27710,https://staging.pathweb.pathwayservices.com/ut/sections/2741/locations/27820
Double,261.753,260.419,"40.184022, -111.646824","40.164679, -111.646946",40.184022,-111.646824,40.164679,-111.646946,1.334,SB,270,655,https://staging.pathweb.pathwayservices.com/ut/sections/2741/locations/27820,https://staging.pathweb.pathwayservices.com/ut/sections/2741/locations/28087
Dashed,260.419,259.964,"40.164679, -111.646946","40.158094, -111.646987",40.164679,-111.646946,40.158094,-111.646987,0.455,SB,270,660,https://staging.pathweb.pathwayservices.com/ut/sections/2741/locations/28087,https://staging.pathweb.pathwayservices.com/ut/sections/2741/locations/28178
Double,259.964,259.34,"40.158094, -111.646987","40.149058, -111.647042",40.158094,-111.646987,40.149058,-111.647042,0.624,SB,270,660,https://staging.pathweb.pathwayservices.com/ut/sections/2741/locations/28178,https://staging.pathweb.pathwayservices.com/ut/sections/2741/locations/28303